{"cameraMode":{"drawMode":0,"name":"Shaded","section":"Shading Mode"},"sceneLighting":false,"audioPlay":false,"sceneViewState":{"m_AlwaysRefresh":false,"showFog":true,"showSkybox":false,"showFlares":true,"showImageEffects":true,"showParticleSystems":true,"showVisualEffectGraphs":true,"m_FxEnabled":true},"in2DMode":false,"pivot":{"x":11.459991455078125,"y":8.470001220703125,"z":-0.10000000149011612},"rotation":{"x":-0.08500762283802033,"y":0.007104924414306879,"z":0.0004797151777893305,"w":0.9963549375534058},"size":2.692582368850708,"orthographic":false}