{"cameraMode":{"drawMode":0,"name":"Shaded","section":"Shading Mode"},"sceneLighting":false,"audioPlay":false,"sceneViewState":{"m_AlwaysRefresh":false,"showFog":true,"showSkybox":false,"showFlares":true,"showImageEffects":true,"showParticleSystems":true,"showVisualEffectGraphs":true,"m_FxEnabled":true},"in2DMode":false,"pivot":{"x":39.31382369995117,"y":71.97169494628906,"z":-133.77487182617188},"rotation":{"x":0.14944876730442048,"y":0.06925491988658905,"z":-0.010625642724335194,"w":0.9863057732582092},"size":4.786895751953125,"orthographic":false}