{"cameraMode":{"drawMode":0,"name":"Shaded","section":"Shading Mode"},"sceneLighting":true,"audioPlay":false,"sceneViewState":{"m_AlwaysRefresh":false,"showFog":true,"showSkybox":true,"showFlares":true,"showImageEffects":true,"showParticleSystems":true,"showVisualEffectGraphs":true,"m_FxEnabled":true},"in2DMode":false,"pivot":{"x":20.069255828857423,"y":19.209030151367189,"z":-24.004369735717775},"rotation":{"x":0.10590950399637222,"y":-0.08918841928243637,"z":0.009423446841537953,"w":0.9903196096420288},"size":8.567278861999512,"orthographic":false}